row_id,sha,parent,commit_date,role,changed_f2_paths_and_hunk_anchors,final_presence_at_nara_pin,worksite_port_decision,check_evidence
F2-INTRO,d5b7061825573a424d687348c64565f4e80497f4,cbc83ad8bfdf1e62440c2a1a879a76db8f51bd5b,2026-05-12,introduction,"lib/pages/setting/models/video_settings.dart (+86..98,+263..284); lib/pages/video/controller.dart (+443..465,+904,+906..911); lib/plugin/pl_player/view/view.dart (menu persistence); lib/utils/storage_key.dart (+defaultVideoQaHalfScreen); lib/utils/storage_pref.dart (+nullable getter)",yes,"Port selectively: establish the eight-file boundary; do not cherry-pick the mixed feature commit. Worksite labels and player APIs are newer.","git show d5b7061; git merge-base --is-ancestor d5b7061 a12f563"
F2-FIX-FULLSCREEN,61e7d8570f9687a593eb6dedcbcf945913bc6bff,f7eddb53f37c5c10136810b2a6f69f98db11a500,2026-05-13,fullscreen-crash-and-quality-match,"lib/pages/video/controller.dart (@@ -459,3 +459,12; @@ -722 +731,6)",yes,"Port the guarded fullscreen target matching semantics; adapt to Worksite's current resolver and player lifecycle.","git diff --unified=0 61e7d857^ 61e7d857 -- lib/pages/video/controller.dart"
F2-FIX-CALLBACK,7f522e02609be00c558bc9becbcd5f13cf7c781d,b3ffd504d710ab35c0b3ea4d0d296a0d8b18117b,2026-05-13,callback-owner-and-wrong-video-fix,"lib/pages/video/controller.dart (@@ -446; @@ -473); lib/plugin/pl_player/controller.dart (+callback field and invocation)",yes,"Use the explicitly authorized local callback seam, but add active owner/media guards because Worksite player is a singleton.","git diff --unified=0 7f522e0^ 7f522e0 -- F2 paths"
F2-FIX-ACTUAL-QUALITY,5d28d2227481d7ed560b722b0d900e76f3104130,aa7807e80ec94210ea77fe8e941381ec134f0057,2026-05-13,actual-quality-display-after-fallback,"lib/pages/video/controller.dart (@@ -735 +735,3)",yes,"Retain Worksite's currentVideoQa assignment after findAvailableVideoQuality; test requested-versus-actual display.","git diff --unified=0 5d28d22^ 5d28d22 -- lib/pages/video/controller.dart"
F2-FIX-LIVE,d39953fb3cc438e3d98c29608530a2a2af60839b,6e6a1529cfb8ee97b502e34e37a410037a0e4ec4,2026-05-13,live-exclusion,"lib/pages/video/controller.dart (@@ -447 +447)",yes,"Preserve Worksite live/local exclusion; do not attach the new default/fullscreen switching to live or offline sources.","git diff --unified=0 d39953f^ d39953f -- lib/pages/video/controller.dart"
F2-FIX-CACHE-QUERY,b00db40129c6b9b168e6d4973ed95cd40db5ee84,0dc4e5a19cced1b671f9580501d5c353463ca316,2026-05-14,cache-and-query-safety,"lib/pages/video/controller.dart (@@ -914; @@ -932,+934..939; @@ -1018,+1025; @@ -1021,+1028; @@ -1115,+1122..1124)",yes,"Use local variables after async quality initialization and recheck query/owner state before a reload; preserve Worksite async/player guards.","git diff --unified=0 b00db40^ b00db40 -- lib/pages/video/controller.dart"
F2-FIX-CROSS-MEDIA,ee158d952607ddb552d369ee0d6987aa09d1cdbd,4c95da4f0ad6e2ae2db7b18c5a052120ad128b89,2026-05-15,cross-video-and-CID-cache-reset,"lib/pages/video/controller.dart (@@ -889,+890..892; @@ -918,+922..931)",yes,"Add Worksite media/CID cache reset at the existing query seam; do not overwrite same-media manual choices.","git diff --unified=0 ee158d9^ ee158d9 -- lib/pages/video/controller.dart"
F2-FIX-SKIP-QUERY,938dcd0fe5b99b483ba88a4e5a7621f4c87aefb3,8b88131bc3ceedce889e97ab502834431825fecd,2026-05-17,skip-transition-during-query,"lib/pages/video/controller.dart (@@ -456,+457..459)",yes,"Skip fullscreen transition reload while a URL query is active; leave existing query state and playback path intact.","git diff --unified=0 938dcd0^ 938dcd0 -- lib/pages/video/controller.dart"
F2-FIX-ROUTE-RETURN,1e4e19ea05459819ab6e8e7e60ca37560911dafc,c94bcc1bd8f273e382210fda8087f8ea58b94a66,2026-05-18,route-return-callback-restoration,"lib/pages/video/controller.dart (@@ -394,+395..429; @@ -455,-31 +490); lib/pages/video/view.dart (+route-return rebind)",yes,"Rebind in Worksite's existing didPopNext and clear only an owner-matching callback on disposal.","git diff --unified=0 1e4e19e^ 1e4e19e -- F2 paths"
F2-FIX-ACTUAL-COMPARISON,3597b30c75f663480f487c891d1218d208991ead,67ecd787314cf30e54a2618109d9353b52b7e31b,2026-06-23,upgrade-only-actual-quality-comparison,"lib/pages/video/controller.dart (@@ -436,+436..437; @@ -438,-2 +439; @@ -440,+441..443)",yes,"Compare resolved target with current actual playback quality; no equal/lower reload and no exit downgrade.","git diff --unified=0 3597b30^ 3597b30 -- lib/pages/video/controller.dart"
F2-FIX-MENU-CAP,e1ab00472c1ea9536161375d928654e8acd49caf,b30ed3aa3ae48ca6d911ff2e48e1ca8b954d5287,2026-07-16,manual-persistence-network-cap-and-both-menus,"lib/pages/setting/models/video_settings.dart (@@ -94,+94..105; @@ -96,+98..108; @@ -286 +298); lib/pages/video/controller.dart (+persistVideoQa and default cap); lib/pages/video/widgets/header_control.dart (replace direct storage); lib/plugin/pl_player/view/view.dart (replace direct storage)",yes,"Reuse one Worksite helper for both menus; route desktop/fullscreen/follow/independent half-screen and tempPlayerConf exactly per contract.","git diff --stat e1ab004^ e1ab004 -- F2 paths"
F2-PREREQ-PIP-RESET,8873f02d72f7ff852f8eec5a33a0380f4e367d41,b00db40129c6b9b168e6d4973ed95cd40db5ee84,2026-05-14,prerequisite-for-query-state-and-cross-media-safety,"lib/pages/video/controller.dart (+query/reset guards); lib/plugin/pl_player/controller.dart (reset points); lib/services/pip_overlay_service.dart (synchronous reset)",yes,"Reviewed as prerequisite, not a wholesale port: preserve Worksite's existing PIP/lifecycle implementation and add only F2 owner/media checks at its seams.","git show --stat 8873f02; git diff --unified=0 8873f02^ 8873f02"
